Player,Tm,FantPos,Age,G,GS,Pass Cmp,Pass Att,Pass Yds,Pass TD,Pass Int,Rush Att,Rush Yds,Rush Y/A,Rush TD,Rec Tgt,Rec Recept,Rec Yds,Rec Y/R,Rec TD,Fmb,FmbL,2PM,2PP
Saquon Barkley*+,PHI,RB,27,16,16,0,0,0,0,0,345,2005,5.81,13,43,33,278,8.42,2,2,1,3,
Derrick Henry*,BAL,RB,30,17,17,0,0,0,0,0,325,1921,5.91,16,22,19,193,10.16,2,3,1,,
Jahmyr Gibbs*,DET,RB,22,17,4,0,0,0,0,0,250,1412,5.65,16,63,52,517,9.94,4,1,1,,
Lamar Jackson*+,BAL,QB,27,17,17,316,474,4172,41,4,139,915,6.58,4,0,0,0,,0,10,5,1,
Ja'Marr Chase*+,CIN,WR,24,17,16,0,0,0,0,0,3,32,10.67,0,175,127,1708,13.45,17,0,0,,
Bijan Robinson*,ATL,RB,22,17,17,0,0,0,0,0,304,1456,4.79,14,72,61,431,7.07,1,1,0,1,
Josh Jacobs*,GNB,RB,26,17,17,0,0,0,0,0,301,1329,4.42,15,43,36,342,9.5,1,4,3,,
Josh Allen*,BUF,QB,28,17,17,307,483,3731,28,6,102,531,5.21,12,0,0,7,,1,5,2,,1
Joe Burrow*,CIN,QB,28,17,17,460,652,4918,43,9,42,201,4.79,2,0,0,0,,0,11,5,,
Kyren Williams,LAR,RB,24,16,16,0,0,0,0,0,316,1299,4.11,14,40,34,182,5.35,2,5,3,,
James Cook*,BUF,RB,25,16,16,0,0,0,0,0,207,1009,4.87,16,38,32,258,8.06,2,1,0,,
Justin Jefferson*+,MIN,WR,25,17,17,1,1,22,0,0,1,3,3,0,154,103,1533,14.88,10,1,0,,
Baker Mayfield*,TAM,QB,29,17,17,407,570,4500,41,16,60,378,6.3,3,0,0,0,,0,13,2,,1
Jonathan Taylor*,IND,RB,25,14,13,0,0,0,0,0,303,1431,4.72,11,31,18,136,7.56,1,4,1,,
George Kittle*,SFO,TE,31,15,15,0,0,0,0,0,0,0,,0,94,78,1106,14.18,8,0,0,,
Jayden Daniels*,WAS,QB,24,17,17,331,480,3568,25,9,148,891,6.02,6,0,0,0,,0,5,0,1,2
De'Von Achane,MIA,RB,23,17,16,0,0,0,0,0,203,907,4.47,6,87,78,592,7.59,6,1,0,,
Amon-Ra St. Brown*+,DET,WR,25,17,17,1,1,7,1,0,2,6,3,0,141,115,1263,10.98,12,1,1,,
Brian Thomas*,JAX,WR,22,17,16,0,0,0,0,0,6,48,8,0,133,87,1282,14.74,10,0,0,2,
Brock Bowers*+,LVR,TE,22,17,16,0,0,0,0,0,5,13,2.6,0,153,112,1194,10.66,5,0,0,,
James Conner,ARI,RB,29,16,16,0,0,0,0,0,236,1094,4.64,8,55,47,414,8.81,1,4,1,2,
Joe Mixon*,HOU,RB,28,14,14,0,1,0,0,0,245,1016,4.15,11,52,36,309,8.58,1,0,0,,
Terry McLaurin*,WAS,WR,29,17,17,0,0,0,0,0,2,2,1,0,117,82,1096,13.37,13,1,1,,
Trey McBride*,ARI,TE,25,16,16,0,0,0,0,0,1,2,2,1,147,111,1146,10.32,2,0,0,,
Chase Brown,CIN,RB,24,16,10,0,0,0,0,0,229,990,4.32,7,65,54,360,6.67,4,2,1,1,
Drake London,ATL,WR,23,17,17,0,0,0,0,0,1,-3,-3,0,158,100,1271,12.71,9,0,0,,
Chuba Hubbard,CAR,RB,25,15,15,0,0,0,0,0,250,1195,4.78,10,54,43,171,3.98,1,4,3,1,
Jonnu Smith*,MIA,TE,29,17,6,0,0,0,0,0,2,-1,-0.5,0,111,88,884,10.05,8,2,1,,
Mark Andrews,BAL,TE,29,17,13,0,0,0,0,0,4,5,1.25,0,69,55,673,12.24,11,0,0,,
Bucky Irving,TAM,RB,22,17,3,0,0,0,0,0,207,1122,5.42,8,52,47,392,8.34,0,2,1,,
Alvin Kamara,NOR,RB,29,14,14,0,0,0,0,0,228,950,4.17,6,89,68,543,7.99,2,1,0,,
Aaron Jones,MIN,RB,30,17,17,0,0,0,0,0,255,1138,4.46,5,62,51,408,8,2,5,3,,
Jared Goff*,DET,QB,30,17,17,390,539,4629,37,12,35,56,1.6,0,1,1,7,7,1,6,0,,1
David Montgomery,DET,RB,27,14,14,1,1,3,1,0,185,775,4.19,12,38,36,341,9.47,0,2,1,,
Mike Evans*,TAM,WR,31,14,14,0,0,0,0,0,0,0,,0,110,74,1004,13.57,11,0,0,,
Breece Hall,NYJ,RB,23,16,16,0,0,0,0,0,209,876,4.19,5,76,57,483,8.47,3,6,2,2,
Malik Nabers*,NYG,WR,21,15,13,0,1,0,0,0,5,2,0.4,0,170,109,1204,11.05,7,1,0,1,
Bo Nix,DEN,QB,24,17,17,376,567,3775,29,12,92,430,4.67,4,1,1,2,2,1,3,0,,
Jalen Hurts,PHI,QB,26,15,15,248,361,2903,18,5,150,630,4.2,14,0,0,0,,0,9,5,,
CeeDee Lamb*,DAL,WR,25,15,15,0,0,0,0,0,14,70,5,0,152,101,1194,11.82,6,1,1,1,
Sam LaPorta,DET,TE,23,16,16,0,0,0,0,0,0,0,,0,83,60,726,12.1,7,0,0,,
Courtland Sutton,DEN,WR,29,17,13,2,2,30,1,0,0,0,,0,135,81,1081,13.35,8,1,1,,
Ladd McConkey,LAC,WR,23,16,14,0,0,0,0,0,0,0,,0,112,82,1149,14.01,7,2,0,1,
Tucker Kraft,GNB,TE,24,17,17,0,0,0,0,0,3,6,2,0,70,50,707,14.14,7,1,1,1,
Zach Ertz,WAS,TE,34,17,17,0,0,0,0,0,0,0,,0,91,66,654,9.91,7,1,0,2,
Davante Adams,2TM,WR,32,14,14,0,0,0,0,0,0,0,,0,141,85,1063,12.51,8,0,0,1,
Sam Darnold*,MIN,QB,27,17,17,361,545,4319,35,12,67,212,3.16,1,0,0,0,,0,8,4,,
Jameson Williams,DET,WR,23,15,11,0,0,0,0,0,11,61,5.55,1,91,58,1001,17.26,7,0,0,,
D'Andre Swift,CHI,RB,25,17,17,0,0,0,0,0,253,959,3.79,6,52,42,386,9.19,0,2,0,1,
Jaxon Smith-Njigba*,SEA,WR,22,17,16,1,1,35,0,0,5,26,5.2,0,137,100,1130,11.3,6,1,0,,
Jerry Jeudy*,CLE,WR,25,17,16,0,0,0,0,0,0,0,,0,145,90,1229,13.66,4,0,0,2,
Garrett Wilson,NYJ,WR,24,17,17,0,0,0,0,0,2,5,2.5,0,154,101,1104,10.93,7,2,2,1,
Najee Harris,PIT,RB,26,17,17,0,0,0,0,0,263,1043,3.97,6,48,36,283,7.86,0,0,0,,
Jordan Addison,MIN,WR,22,15,15,0,0,0,0,0,3,20,6.67,1,99,63,875,13.89,9,0,0,,
A.J. Brown,PHI,WR,27,13,13,0,0,0,0,0,0,0,,0,97,67,1079,16.1,7,0,0,,
Tee Higgins,CIN,WR,25,12,9,0,0,0,0,0,0,0,,0,109,73,911,12.48,10,1,1,,
Pat Freiermuth,PIT,TE,26,17,11,0,0,0,0,0,0,0,,0,78,65,653,10.05,7,3,2,,
Kyler Murray,ARI,QB,27,17,17,372,541,3851,21,11,78,572,7.33,5,0,0,0,,0,8,4,1,
Travis Kelce*,KAN,TE,35,16,16,0,0,0,0,0,1,1,1,0,133,97,823,8.48,3,2,1,,
Nico Collins*,HOU,WR,25,12,12,0,0,0,0,0,0,0,,0,99,68,1006,14.79,7,0,0,,
Jayden Reed,GNB,WR,24,17,10,0,0,0,0,0,20,163,8.15,1,75,55,857,15.58,6,3,1,,
J.K. Dobbins,LAC,RB,26,13,11,0,0,0,0,0,195,905,4.64,9,38,32,153,4.78,0,0,0,,
Tony Pollard,TEN,RB,27,16,16,0,0,0,0,0,260,1079,4.15,5,57,41,238,5.8,0,2,2,1,
Rico Dowdle,DAL,RB,26,16,15,0,0,0,0,0,235,1079,4.59,2,49,39,249,6.38,3,3,2,,
D.J. Moore,CHI,WR,27,17,17,0,1,0,0,0,14,75,5.36,0,140,98,966,9.86,6,1,1,1,
Tyreek Hill,MIA,WR,30,17,17,0,0,0,0,0,8,53,6.63,0,123,81,959,11.84,6,0,0,,
Zay Flowers*,BAL,WR,24,17,15,0,0,0,0,0,9,56,6.22,0,116,74,1059,14.31,4,0,0,,
Marvin Harrison Jr.,ARI,WR,22,17,16,0,0,0,0,0,0,0,,0,116,62,885,14.27,8,1,1,,
Calvin Ridley,TEN,WR,30,17,14,0,0,0,0,0,8,55,6.88,1,120,64,1017,15.89,4,1,1,,
Jauan Jennings,SFO,WR,27,15,10,0,0,0,0,0,0,0,,0,113,77,975,12.66,6,1,0,,
Justin Herbert,LAC,QB,26,17,17,332,504,3870,23,3,69,306,4.43,2,0,0,0,,0,6,2,,3
DeVonta Smith,PHI,WR,26,13,13,0,0,0,0,0,1,1,1,0,89,68,833,12.25,8,0,0,,
Jakobi Meyers,LVR,WR,28,15,15,0,0,0,0,0,2,23,11.5,0,129,87,1027,11.8,4,0,0,1,
Patrick Mahomes,KAN,QB,29,16,16,392,581,3928,26,11,58,307,5.29,2,1,1,2,2,0,2,0,,
Brock Purdy,SFO,QB,25,15,15,300,455,3864,20,12,66,323,4.89,5,0,0,0,,0,7,3,,
Geno Smith,SEA,QB,34,17,17,407,578,4320,21,15,53,272,5.13,2,0,0,0,,0,9,0,,
Aaron Rodgers,NYJ,QB,41,17,17,368,584,3897,28,11,22,107,4.86,0,0,0,0,,0,5,2,,2
Caleb Williams,CHI,QB,23,17,17,351,562,3541,20,6,81,489,6.04,0,0,0,0,,0,10,5,,3
Jordan Love,GNB,QB,26,15,15,268,425,3389,25,11,25,83,3.32,1,0,0,0,,0,4,0,,3
C.J. Stroud,HOU,QB,23,17,17,336,532,3727,20,12,52,233,4.48,0,1,0,0,,0,6,4,,
Matthew Stafford,LAR,QB,36,16,16,340,517,3762,20,8,30,41,1.37,0,0,0,0,,0,6,2,,
Bryce Young,CAR,QB,23,14,12,234,384,2403,15,9,43,249,5.79,6,0,0,0,,0,5,2,,
Tua Tagovailoa,MIA,QB,26,11,11,291,399,2867,19,7,17,49,2.88,0,0,0,0,,0,7,2,,2
Drake Maye*,NWE,QB,22,13,12,225,338,2276,15,10,54,421,7.8,2,0,0,0,,0,9,6,,2
Kirk Cousins,ATL,QB,36,14,14,303,453,3508,18,16,23,0,0,0,0,0,0,,0,13,2,,
Russell Wilson*,PIT,QB,36,11,11,214,336,2482,16,5,43,155,3.6,2,0,0,0,,0,5,4,,
Anthony Richardson,IND,QB,22,11,11,126,264,1814,8,12,86,499,5.8,6,1,1,-1,-1,0,9,3,1,
Derek Carr,NOR,QB,33,10,10,189,279,2145,15,5,17,71,4.18,1,0,0,0,,0,3,0,,1
Rachaad White,TAM,RB,25,16,15,0,0,0,0,0,144,613,4.26,3,57,51,393,7.71,6,3,3,,
Zach Charbonnet,SEA,RB,23,17,6,0,0,0,0,0,135,569,4.21,8,52,42,340,8.1,1,0,0,,
Trevor Lawrence,JAX,QB,25,10,10,172,284,2045,11,7,26,119,4.58,3,0,0,-5,,0,3,1,,3
Tyrone Tracy Jr.,NYG,RB,25,17,12,0,0,0,0,0,192,839,4.37,5,53,38,284,7.47,1,5,2,,
Rhamondre Stevenson,NWE,RB,26,15,14,0,0,0,0,0,207,801,3.87,7,41,33,168,5.09,1,7,3,2,
Brian Robinson Jr.,WAS,RB,25,14,13,0,0,0,0,0,187,799,4.27,8,25,20,159,7.95,0,2,2,,
Daniel Jones,NYG,QB,27,10,10,216,341,2070,8,7,67,265,3.96,2,0,0,0,,0,4,2,,
Kenneth Walker III,SEA,RB,24,11,11,0,0,0,0,0,153,573,3.75,7,53,46,299,6.5,1,1,0,,
Kareem Hunt,KAN,RB,29,13,8,0,0,0,0,0,200,728,3.64,7,32,23,176,7.65,0,0,0,,
Jameis Winston,CLE,QB,30,12,7,181,296,2121,13,12,25,83,3.32,1,0,0,0,,0,5,2,,4
Rashod Bateman,BAL,WR,25,17,14,0,0,0,0,0,0,0,,0,72,45,756,16.8,9,0,0,,
Darnell Mooney,ATL,WR,27,16,16,0,1,0,0,0,0,0,,0,106,64,992,15.5,5,0,0,,
Puka Nacua,LAR,WR,23,11,11,0,0,0,0,0,11,46,4.18,1,106,79,990,12.53,3,0,0,,
Xavier Worthy,KAN,WR,21,17,13,0,0,0,0,0,20,104,5.2,3,98,59,638,10.81,6,0,0,,
D.K. Metcalf,SEA,WR,27,15,12,0,0,0,0,0,0,0,,0,108,66,992,15.03,5,2,2,,
Alec Pierce,IND,WR,24,16,13,0,0,0,0,0,0,0,,0,69,37,824,22.27,7,0,0,,
Tank Bigsby,JAX,RB,23,16,1,0,0,0,0,0,168,766,4.56,7,12,7,54,7.71,0,4,1,,
Quentin Johnston,LAC,WR,23,15,11,0,0,0,0,0,3,6,2,0,91,55,711,12.93,8,0,0,,
Will Levis,TEN,QB,25,12,12,190,301,2091,13,12,45,183,4.07,0,0,0,0,,0,10,6,,1
Justin Fields,PIT,QB,25,10,6,106,161,1106,5,1,62,289,4.66,5,0,0,0,,0,6,1,,
Dak Prescott,DAL,QB,31,8,8,185,286,1978,11,8,13,54,4.15,1,0,0,0,,0,4,1,,
Keenan Allen,CHI,WR,32,15,15,0,1,0,0,1,0,0,,0,121,70,744,10.63,7,1,0,,
Josh Downs,IND,WR,23,14,8,0,0,0,0,0,1,12,12,0,107,72,803,11.15,5,0,0,,
Cooper Rush,DAL,QB,31,12,8,187,308,1844,12,5,26,18,0.69,0,0,0,0,,0,9,3,,1
Cooper Kupp,LAR,WR,31,12,11,0,0,0,0,0,2,10,5,0,100,67,710,10.6,6,1,0,,
Khalil Shakir,BUF,WR,24,15,9,0,0,0,0,0,2,4,2,0,100,76,821,10.8,4,1,0,,
Javonte Williams,DEN,RB,24,17,11,0,0,0,0,0,139,513,3.69,4,70,52,346,6.65,0,2,2,,
George Pickens,PIT,WR,23,14,12,0,0,0,0,0,2,-6,-3,0,103,59,900,15.25,3,1,1,,
Jordan Mason,SFO,RB,25,12,6,0,0,0,0,0,153,789,5.16,3,14,11,91,8.27,0,3,1,,
Nick Westbrook-Ikhine,TEN,WR,27,17,9,0,0,0,0,0,0,0,,0,60,32,497,15.53,9,0,0,,
Deebo Samuel,SFO,WR,28,15,15,0,0,0,0,0,42,136,3.24,1,81,51,670,13.14,3,2,1,,
Jalen Tolbert,DAL,WR,25,17,15,0,0,0,0,0,0,0,,0,79,49,610,12.45,7,0,0,,
Alexander Mattison,LVR,RB,26,14,7,0,0,0,0,0,132,420,3.18,4,48,36,294,8.17,1,1,1,1,
Ray Davis,BUF,RB,25,17,0,0,0,0,0,0,113,442,3.91,3,19,17,189,11.12,3,0,0,,
Joe Flacco,IND,QB,39,8,6,162,248,1761,12,7,9,26,2.89,0,0,0,0,,0,4,4,,
Jalen McMillan,TAM,WR,23,13,12,0,0,0,0,0,4,43,10.75,0,58,37,461,12.46,8,0,0,,
Austin Ekeler,WAS,RB,29,12,6,0,0,0,0,0,77,367,4.77,4,41,35,366,10.46,0,3,0,,
Jerome Ford,CLE,RB,25,14,6,0,0,0,0,0,104,565,5.43,3,43,37,225,6.08,0,0,0,,
Michael Pittman Jr.,IND,WR,27,16,14,0,0,0,0,0,0,0,,0,111,69,808,11.71,3,1,1,,
Mac Jones,JAX,QB,26,10,7,171,262,1672,8,8,28,92,3.29,1,0,0,0,,0,2,2,,1
Gardner Minshew II,LVR,QB,28,10,9,203,306,2013,9,10,19,58,3.05,0,0,0,0,,0,6,4,,1
Mason Rudolph,TEN,QB,29,8,5,146,228,1530,9,9,25,106,4.24,1,0,0,0,,0,5,1,,1
Tyler Allgeier,ATL,RB,24,17,0,0,0,0,0,0,137,644,4.7,3,13,13,88,6.77,0,0,0,1,
Aidan O'Connell,LVR,QB,26,9,7,154,243,1612,8,4,21,30,1.43,1,0,0,0,,0,2,2,,
Demarcus Robinson,LAR,WR,30,17,17,0,0,0,0,0,0,0,,0,64,31,505,16.29,7,0,0,,
Adam Thielen,CAR,WR,34,10,10,0,0,0,0,0,0,0,,0,62,48,615,12.81,5,0,0,,
Jaylen Waddle,MIA,WR,26,15,15,0,0,0,0,0,4,12,3,0,83,58,744,12.83,2,0,0,2,
Travis Etienne,JAX,RB,25,15,15,0,0,0,0,0,150,558,3.72,2,52,39,254,6.51,0,1,1,,
DeAndre Hopkins,2TM,WR,32,16,8,0,0,0,0,0,0,0,,0,80,56,610,10.89,5,1,0,,
Marvin Mims*+,DEN,WR,22,17,2,0,0,0,0,0,13,42,3.23,0,52,39,503,12.9,6,1,0,,
Rome Odunze,CHI,WR,22,17,12,0,0,0,0,0,3,15,5,0,101,54,734,13.59,3,2,1,,
Wan'Dale Robinson,NYG,WR,23,17,7,0,0,0,0,0,3,18,6,0,140,93,699,7.52,3,0,0,,
Tank Dell,HOU,WR,25,14,10,0,0,0,0,0,9,43,4.78,0,81,51,667,13.08,3,0,0,,
Allen Lazard,NYJ,WR,29,12,10,0,1,0,0,0,0,0,,0,60,37,530,14.32,6,0,0,,
Chris Godwin,TAM,WR,28,7,7,0,0,0,0,0,1,2,2,0,62,50,576,11.52,5,1,0,,
Romeo Doubs,GNB,WR,24,13,12,0,0,0,0,0,0,0,,0,72,46,601,13.07,4,0,0,1,
Jaylen Warren,PIT,RB,26,15,0,0,0,0,0,0,120,511,4.26,1,47,38,310,8.16,0,2,1,,
Ameer Abdullah,LVR,RB,31,16,3,0,0,0,0,0,66,311,4.71,2,47,40,261,6.53,3,2,1,,
Justice Hill,BAL,RB,27,15,0,0,0,0,0,0,47,228,4.85,1,51,42,383,9.12,3,0,0,,
David Njoku,CLE,TE,28,11,11,0,0,0,0,0,0,0,,0,97,64,505,7.89,5,0,0,2,
Emanuel Wilson,GNB,RB,25,17,0,0,0,0,0,0,103,502,4.87,4,14,11,48,4.36,1,0,0,,
Andrei Iosivas,CIN,WR,25,17,8,0,0,0,0,0,0,0,,0,61,36,479,13.31,6,0,0,,
Kyle Pitts,ATL,TE,24,17,15,0,0,0,0,0,0,0,,0,74,47,602,12.81,4,0,0,,
Tyjae Spears,TEN,RB,23,12,1,0,0,0,0,0,84,312,3.71,4,35,30,224,7.47,1,1,0,,
Calvin Austin III,PIT,WR,25,17,8,0,0,0,0,0,0,0,,0,58,36,548,15.22,4,1,1,,
Keon Coleman,BUF,WR,21,13,12,0,0,0,0,0,1,9,9,0,57,29,556,19.17,4,0,0,1,
Demario Douglas,NWE,WR,24,17,7,0,0,0,0,0,3,16,5.33,0,87,66,621,9.41,3,1,0,,
Isaiah Likely,BAL,TE,24,16,9,0,0,0,0,0,0,0,,0,58,42,477,11.36,6,1,1,,
Cade Otton,TAM,TE,25,14,14,0,0,0,0,0,1,-4,-4,0,87,59,600,10.17,4,2,1,,
Tre Tucker,LVR,WR,23,17,14,0,0,0,0,0,9,44,4.89,1,81,47,539,11.47,3,0,0,,
Antonio Gibson,NWE,RB,26,17,3,0,0,0,0,0,120,538,4.48,1,29,23,206,8.96,0,2,0,,
Drew Lock,NYG,QB,28,8,5,107,181,1071,6,5,18,133,7.39,2,0,0,0,,0,5,2,,1
Cam Akers,2TM,RB,25,17,2,0,0,0,0,0,104,444,4.27,2,18,14,68,4.86,3,1,1,,
Kayshon Boutte,NWE,WR,22,15,13,0,0,0,0,0,0,0,,0,68,43,589,13.7,3,0,0,1,
Amari Cooper,2TM,WR,30,14,10,0,0,0,0,0,0,0,,0,85,44,547,12.43,4,0,0,,
Isaac Guerendo,SFO,RB,24,16,3,0,0,0,0,0,84,420,5,4,16,15,152,10.13,0,3,1,,
Hunter Henry,NWE,TE,30,16,16,0,0,0,0,0,0,0,,0,97,66,674,10.21,2,0,0,,
Taysom Hill,NOR,TE,34,8,8,2,4,21,0,1,39,278,7.13,6,31,23,187,8.13,0,1,1,,
Ray-Ray McCloud,ATL,WR,28,17,13,0,0,0,0,0,10,79,7.9,0,87,62,686,11.06,1,4,2,,
Michael Wilson,ARI,WR,24,16,13,0,0,0,0,0,1,7,7,0,71,47,548,11.66,4,1,1,,
Mike Gesicki,CIN,TE,29,17,3,0,0,0,0,0,0,0,,0,83,65,665,10.23,2,1,1,,
Deshaun Watson,CLE,QB,29,7,7,137,216,1148,5,3,31,148,4.77,1,0,0,0,,0,5,3,,1
Xavier Legette,CAR,WR,23,16,13,0,0,0,0,0,6,24,4,0,84,49,497,10.14,4,0,0,,
Devin Singletary,NYG,RB,27,15,5,0,0,0,0,0,113,437,3.87,4,24,21,119,5.67,0,2,2,,
Christian Watson,GNB,WR,25,15,15,0,0,0,0,0,4,23,5.75,0,53,29,620,21.38,2,1,1,1,
Stefon Diggs,HOU,WR,31,8,8,1,1,13,0,0,3,8,2.67,1,64,47,496,10.55,3,0,0,,
Jalen Nailor,MIN,WR,25,17,7,0,0,0,0,0,3,-4,-1.33,0,42,28,414,14.79,6,1,1,,
Ty Johnson,BUF,RB,27,17,1,0,0,0,0,0,41,213,5.2,1,25,18,284,15.78,3,0,0,,
Noah Gray,KAN,TE,25,17,10,0,0,0,0,0,1,-4,-4,0,49,40,437,10.93,5,0,0,,
Juwan Johnson,NOR,TE,28,17,5,0,0,0,0,0,0,0,,0,66,50,548,10.96,3,2,0,,
Cole Kmet,CHI,TE,25,17,16,0,0,0,0,0,0,0,,0,55,47,474,10.09,4,0,0,1,
Jaleel McLaughlin,DEN,RB,24,16,5,0,0,0,0,0,113,496,4.39,1,27,24,76,3.17,2,1,1,,
KaVontae Turpin*+,DAL,WR,28,17,2,0,0,0,0,0,16,92,5.75,0,52,31,420,13.55,2,3,1,,
Tyler Lockett,SEA,WR,32,17,14,0,0,0,0,0,0,0,,0,74,49,600,12.24,2,0,0,,
Dontayvion Wicks,GNB,WR,23,17,5,0,0,0,0,0,0,0,,0,76,39,415,10.64,5,0,0,,
Tyler Conklin,NYJ,TE,29,16,15,0,0,0,0,0,1,0,0,0,72,51,449,8.8,4,0,0,1,
Foster Moreau,NOR,TE,27,17,17,0,0,0,0,0,0,0,,0,43,32,413,12.91,5,0,0,,
Darius Slayton,NYG,WR,27,16,13,0,0,0,0,0,2,17,8.5,0,71,39,573,14.69,2,1,0,,
Mack Hollins,BUF,WR,31,17,13,0,0,0,0,0,0,0,,0,50,31,378,12.19,5,0,0,,
Josh Palmer,LAC,WR,25,15,7,0,0,0,0,0,0,0,,0,65,39,584,14.97,1,0,0,2,
Spencer Rattler,NOR,QB,24,7,6,130,228,1317,4,5,18,146,8.11,0,0,0,0,,0,5,3,,
Olamide Zaccheaus,WAS,WR,27,17,6,0,0,0,0,0,1,8,8,0,64,45,506,11.24,3,3,1,,
Braelon Allen,NYJ,RB,20,17,2,0,0,0,0,0,92,334,3.63,2,27,19,148,7.79,1,0,0,,
Marquez Valdes-Scantling,2TM,WR,30,14,8,0,0,0,0,0,1,4,4,0,44,19,411,21.63,4,0,0,,
Devaughn Vele,DEN,WR,27,13,7,0,0,0,0,0,0,0,,0,55,41,475,11.59,3,0,0,,
Dalton Schultz,HOU,TE,28,17,13,0,0,0,0,0,0,0,,0,85,53,532,10.04,2,0,0,,
Parker Washington,JAX,WR,22,17,7,0,0,0,0,0,0,0,,0,51,32,390,12.19,3,2,0,1,
Austin Hooper,NWE,TE,30,17,8,0,0,0,0,0,0,0,,0,59,45,476,10.58,3,2,1,,
Ricky Pearsall,SFO,WR,24,11,4,0,1,0,0,0,3,45,15,0,46,31,400,12.9,3,0,0,,
Dallas Goedert,PHI,TE,29,10,10,0,0,0,0,0,0,0,,0,52,42,496,11.81,2,2,0,,
Chigoziem Okonkwo,TEN,TE,25,17,11,0,0,0,0,0,1,17,17,0,70,52,479,9.21,2,2,1,1,
Jalen Coker,CAR,WR,23,11,4,1,1,19,0,0,0,0,,0,46,32,478,14.94,2,0,0,,
Gus Edwards,LAC,RB,29,11,6,0,0,0,0,0,101,365,3.61,4,5,3,6,2,0,0,0,,
Tyler Huntley,MIA,QB,26,5,5,86,133,829,3,3,26,135,5.19,2,0,0,0,,0,6,2,,
Roschon Johnson,CHI,RB,23,14,0,0,0,0,0,0,55,150,2.73,6,20,16,104,6.5,0,0,0,,
Will Dissly,LAC,TE,28,15,8,0,0,0,0,0,0,0,,0,64,50,481,9.62,2,0,0,,
Elijah Moore,CLE,WR,24,17,13,0,0,0,0,0,1,1,1,0,102,61,538,8.82,1,0,0,,
Rashid Shaheed,NOR,WR,26,6,5,0,0,0,0,0,6,29,4.83,0,41,20,349,17.45,3,1,1,,
Sean Tucker,TAM,RB,23,17,0,0,0,0,0,0,50,308,6.16,2,12,9,109,12.11,1,1,0,,
Andy Dalton,CAR,QB,37,6,5,106,160,989,7,6,11,34,3.09,0,0,0,0,,0,2,0,,
Zack Moss,CIN,RB,27,8,6,0,0,0,0,0,74,242,3.27,2,27,23,187,8.13,1,2,1,,
Tim Patrick,DET,WR,31,16,9,0,0,0,0,0,0,0,,0,44,33,394,11.94,3,0,0,1,
Nick Chubb,CLE,RB,29,8,8,0,0,0,0,0,102,332,3.25,3,11,5,31,6.2,1,1,1,,
Tutu Atwell,LAR,WR,25,17,5,0,1,0,0,0,2,7,3.5,0,62,42,562,13.38,0,0,0,,
Dalton Kincaid,BUF,TE,25,13,9,0,0,0,0,0,0,0,,0,75,44,448,10.18,2,1,0,,
Noah Fant,SEA,TE,27,14,9,0,0,0,0,0,0,0,,0,64,48,500,10.42,1,0,0,,
Diontae Johnson,3TM,WR,28,12,8,0,0,0,0,0,2,6,3,0,67,33,375,11.36,3,0,0,,
Jeremy McNichols,WAS,RB,29,17,1,0,0,0,0,0,55,261,4.75,4,12,9,27,3,0,0,0,1,
Greg Dortch,ARI,WR,26,17,4,0,0,0,0,0,5,31,6.2,0,50,37,342,9.24,3,3,1,,
David Moore,CAR,WR,29,17,5,0,0,0,0,0,1,0,0,0,57,32,351,10.97,3,0,0,,
Samaje Perine,KAN,RB,29,17,0,0,0,0,0,0,20,92,4.6,1,35,28,322,11.5,1,0,0,,
Miles Sanders,CAR,RB,27,11,2,0,0,0,0,0,55,205,3.73,2,30,24,148,6.17,1,1,0,,
Raheem Mostert,MIA,RB,32,13,1,0,0,0,0,0,85,278,3.27,2,23,19,161,8.47,0,2,2,,
Malik Willis,GNB,QB,25,7,2,40,54,550,3,0,20,138,6.9,1,0,0,0,,0,1,1,,
Jordan Akins,CLE,TE,32,17,6,0,0,0,0,0,0,0,,0,58,40,390,9.75,2,1,0,,
Noah Brown,WAS,WR,28,11,9,0,0,0,0,0,0,0,,0,56,35,453,12.94,1,0,0,,
Brenton Strange,JAX,TE,24,17,10,0,0,0,0,0,0,0,,0,53,40,411,10.28,2,1,1,,
Cedric Tillman,CLE,WR,24,11,6,0,0,0,0,0,1,-5,-5,0,49,29,339,11.69,3,1,1,1,
AJ Barner,SEA,TE,22,17,6,0,0,0,0,0,0,0,,0,38,30,245,8.17,4,0,0,,
Sterling Shepard,TAM,WR,31,14,5,0,0,0,0,0,8,69,8.63,0,51,32,334,10.44,1,0,0,1,
Kenneth Gainwell,PHI,RB,25,17,1,0,0,0,0,0,75,290,3.87,1,22,16,116,7.25,0,0,0,,
Ezekiel Elliott,DAL,RB,29,15,2,0,0,0,0,0,74,226,3.05,3,15,12,69,5.75,0,1,1,,
T.J. Hockenson,MIN,TE,27,10,9,0,0,0,0,0,0,0,,0,62,41,455,11.1,0,0,0,,
Marcus Mariota,WAS,QB,31,3,0,34,44,364,4,0,18,92,5.11,1,0,0,0,,0,0,0,,
Jacoby Brissett,NWE,QB,32,8,5,95,161,826,2,1,15,62,4.13,0,0,0,0,,0,4,1,,1
Jake Ferguson,DAL,TE,25,14,14,0,0,0,0,0,0,0,,0,86,59,494,8.37,0,4,2,,
Chris Olave,NOR,WR,24,8,8,0,0,0,0,0,1,7,7,0,44,32,400,12.5,1,1,1,,
Isiah Pacheco,KAN,RB,25,7,6,0,0,0,0,0,83,310,3.73,1,16,12,79,6.58,0,0,0,,
Brandin Cooks,DAL,WR,31,10,9,0,0,0,0,0,3,-3,-1,0,54,26,259,9.96,3,0,0,,
Audric Estime,DEN,RB,21,13,1,0,0,0,0,0,76,310,4.08,2,5,5,27,5.4,0,2,1,,
Christian Kirk,JAX,WR,28,8,7,0,0,0,0,0,0,0,,0,47,27,379,14.04,1,0,0,,
Josh Oliver,MIN,TE,27,15,12,0,0,0,0,0,0,0,,0,28,22,258,11.73,3,0,0,,
Michael Penix,ATL,QB,24,5,3,61,105,775,3,3,7,11,1.57,1,0,0,0,,0,2,0,,
Evan Engram,JAX,TE,30,9,9,0,0,0,0,0,0,0,,0,64,47,365,7.77,1,1,1,1,
Dameon Pierce,HOU,RB,24,11,0,0,0,0,0,0,40,293,7.33,2,4,2,2,1,0,1,0,,
Trey Benson,ARI,RB,21,13,1,0,0,0,0,0,63,291,4.62,1,6,6,59,9.83,0,1,0,,
Rashee Rice,KAN,WR,24,4,4,0,0,0,0,0,1,1,1,0,29,24,288,12,2,0,0,,
Justin Watson,KAN,WR,28,17,7,0,0,0,0,0,0,0,,0,32,22,289,13.14,2,0,0,,
Van Jefferson,PIT,WR,28,17,12,0,0,0,0,0,0,0,,0,40,24,276,11.5,2,0,0,,
Kalif Raymond,DET,WR,30,12,2,0,0,0,0,0,2,0,0,0,22,17,215,12.65,2,0,0,,
Ja'Tavion Sanders,CAR,TE,21,16,8,0,0,0,0,0,0,0,,0,43,33,342,10.36,1,1,0,,
Tyler Boyd,TEN,WR,30,16,8,0,1,0,0,0,1,3,3,0,57,39,390,10,0,0,0,,
Emari Demercado,ARI,RB,25,13,0,0,0,0,0,0,24,223,9.29,1,20,16,104,6.5,0,0,0,,
Troy Franklin,DEN,WR,21,16,6,0,0,0,0,0,2,8,4,0,53,28,263,9.39,2,0,0,,
Theo Johnson,NYG,TE,23,12,11,0,0,0,0,0,0,0,,0,43,29,331,11.41,1,0,0,,
Kyle Juszczyk*,SFO,FB,33,17,15,0,0,0,0,0,5,26,5.2,1,31,19,200,10.53,2,1,1,,
Trey Sermon,IND,RB,25,17,3,0,0,0,0,0,56,159,2.84,2,19,16,99,6.19,0,0,0,,
Brandon Aiyuk,SFO,WR,26,7,7,0,0,0,0,0,0,0,,0,47,25,374,14.96,0,0,0,,
Kendrick Bourne,NWE,WR,29,12,9,0,1,0,0,0,1,6,6,0,38,28,305,10.89,1,0,0,,
Dyami Brown,WAS,WR,25,16,3,0,1,0,0,0,3,26,8.67,0,40,30,308,10.27,1,1,1,,
Isaiah Davis,NYJ,RB,22,17,0,0,0,0,0,0,30,174,5.8,1,12,9,75,8.33,1,0,0,,
Dawson Knox,BUF,TE,28,16,13,0,0,0,0,0,0,0,,0,33,22,311,14.14,1,0,0,,
Dare Ogunbowale,HOU,RB,30,17,1,0,0,0,0,0,30,112,3.73,0,28,19,198,10.42,1,0,0,,
Grant Calcaterra,PHI,TE,26,17,13,0,0,0,0,0,0,0,,0,30,24,298,12.42,1,0,0,,
Mike Williams,2TM,WR,30,18,5,0,0,0,0,0,0,0,,0,34,21,298,14.19,1,0,0,,
Nelson Agholor,BAL,WR,31,14,7,0,0,0,0,0,0,0,,0,29,14,231,16.5,2,0,0,,
Tyler Johnson,LAR,WR,26,15,2,0,0,0,0,0,0,0,,0,41,26,291,11.19,1,0,0,,
Colby Parkinson,LAR,TE,25,17,9,0,0,0,0,0,0,0,,0,49,30,294,9.8,1,0,0,,
JuJu Smith-Schuster,KAN,WR,28,14,8,0,0,0,0,0,0,0,,0,26,18,231,12.83,2,0,0,,
Gabriel Davis,JAX,WR,25,10,9,0,0,0,0,0,0,0,,0,42,20,239,11.95,2,1,1,,
Tyler Goodson,IND,RB,24,16,0,0,0,0,0,0,32,153,4.78,1,15,11,61,5.55,1,0,0,,
Lil'Jordan Humphrey,DEN,WR,26,17,7,0,0,0,0,0,0,0,,0,45,31,293,9.45,1,2,1,,
Christian McCaffrey,SFO,RB,28,4,4,0,0,0,0,0,50,202,4.04,0,19,15,146,9.73,0,1,1,,
Curtis Samuel,BUF,WR,28,14,2,0,0,0,0,0,5,14,2.8,0,46,31,253,8.16,1,0,0,,
Tommy Tremble,CAR,TE,24,12,11,0,0,0,0,0,0,0,,0,32,23,234,10.17,2,1,1,,
Josh Whyle,TEN,TE,25,17,4,0,0,0,0,0,0,0,,0,37,28,248,8.86,1,0,0,1,
Nick Vannett,TEN,TE,31,17,10,0,0,0,0,0,0,0,,0,20,17,135,7.94,3,0,0,,
Chris Brooks,GNB,RB,24,15,0,0,0,0,0,0,36,183,5.08,1,13,11,69,6.27,0,0,0,,
Joshua Dobbs,SFO,QB,29,2,1,32,47,361,2,2,9,24,2.67,2,0,0,0,,0,2,1,,
John Metchie,HOU,WR,24,13,3,0,0,0,0,0,0,0,,0,37,24,254,10.58,1,1,0,,
Adonai Mitchell,IND,WR,22,17,7,1,1,24,0,0,4,6,1.5,0,55,23,312,13.57,0,2,1,,
Chris Rodriguez,WAS,RB,24,9,0,0,0,0,0,0,35,173,4.94,2,1,1,12,12,0,0,0,,
Adam Trautman,DEN,TE,27,17,14,0,0,0,0,0,0,0,,0,22,13,188,14.46,2,0,0,,
DJ Turner,LVR,WR,27,12,6,0,0,0,0,0,5,33,6.6,1,29,16,158,9.88,1,1,0,,
Jordan Whittington,LAR,WR,24,15,3,0,0,0,0,0,2,12,6,0,28,22,293,13.32,0,0,0,,
Nate Adkins,DEN,TE,25,17,10,0,0,0,0,0,0,0,,0,15,14,115,8.21,3,0,0,,
Hassan Haskins,LAC,RB,25,17,0,0,0,0,0,0,34,89,2.62,2,3,3,49,16.33,1,1,1,,
Luke Schoonmaker,DAL,TE,26,17,6,0,0,0,0,0,0,0,,0,36,27,241,8.93,1,0,0,,
Cedrick Wilson Jr.,NOR,WR,29,15,4,1,1,21,1,0,0,0,,0,27,20,211,10.55,1,1,1,,
Elijah Higgins,ARI,TE,24,17,6,0,0,0,0,0,0,0,,0,24,20,172,8.6,2,0,0,,
Tanner McKee,PHI,QB,24,2,1,30,45,323,4,0,5,-1,-0.2,0,0,0,0,,0,0,0,,
Malik Washington,MIA,WR,23,14,3,0,0,0,0,0,5,25,5,1,36,26,223,8.58,0,1,1,,
Kimani Vidal,LAC,RB,23,10,0,0,0,0,0,0,43,155,3.6,0,9,5,62,12.4,1,1,0,,
Jamaal Williams,NOR,RB,29,14,1,0,0,0,0,0,48,164,3.42,1,11,9,57,6.33,0,0,0,,
Blake Corum,LAR,RB,24,17,1,0,0,0,0,0,58,207,3.57,0,8,7,58,8.29,0,0,0,,
Derius Davis,LAC,WR,24,15,2,0,0,0,0,0,12,39,3.25,0,17,13,112,8.62,2,3,0,,
D'Onta Foreman,CLE,RB,28,11,3,0,0,0,0,0,71,232,3.27,0,8,6,54,9,0,2,1,,
Patrick Taylor,SFO,RB,26,13,1,0,0,0,0,0,39,183,4.69,1,11,3,25,8.33,0,0,0,,
Johnny Mundt,MIN,TE,30,17,3,0,0,0,0,0,0,0,,0,27,19,142,7.47,2,0,0,,
Cordarrelle Patterson,PIT,RB,33,13,1,0,0,0,0,0,32,135,4.22,0,14,12,80,6.67,1,1,1,,
Darnell Washington,PIT,TE,23,17,9,0,0,0,0,0,0,0,,0,25,19,200,10.53,1,0,0,,
Michael Carter,ARI,RB,25,3,1,0,0,0,0,0,35,131,3.74,1,11,11,57,5.18,0,0,0,,
KhaDarel Hodge*,ATL,WR,29,17,2,0,0,0,0,0,0,0,,0,12,7,131,18.71,1,0,0,,
Ryan Miller,TAM,WR,24,11,3,0,0,0,0,0,0,0,,0,20,12,128,10.67,2,0,0,,
Kenny Pickett,PHI,QB,26,5,1,25,42,291,2,1,9,15,1.67,1,0,0,0,,0,1,0,,
Josh Reynolds,2TM,WR,29,9,2,0,0,0,0,0,0,0,,0,24,13,194,14.92,1,0,0,,
Tylan Wallace,BAL,WR,25,17,0,0,0,0,0,0,0,0,,0,12,11,193,17.55,1,1,0,,
Jalen Brooks,DAL,WR,24,14,1,0,0,0,0,0,0,0,,0,30,12,177,14.75,1,0,0,,
Payne Durham,TAM,TE,24,16,6,0,0,0,0,0,0,0,,0,14,11,115,10.45,2,1,0,,
D'Ernest Johnson,JAX,RB,28,14,1,0,0,0,0,0,32,143,4.47,0,19,12,96,8,0,0,0,,
Kendre Miller,NOR,RB,22,6,2,0,0,0,0,0,39,148,3.79,1,8,5,33,6.6,0,0,0,,
Jaylen Wright,MIA,RB,21,15,1,0,0,0,0,0,68,249,3.66,0,6,3,8,2.67,0,1,1,,
Jahan Dotson,PHI,WR,24,17,6,0,0,0,0,0,1,13,13,0,33,19,216,11.37,0,0,0,,
Trey Palmer,TAM,WR,23,15,3,0,0,0,0,0,0,0,,0,22,12,172,14.33,1,1,0,,
Zamir White,LVR,RB,25,8,5,0,0,0,0,0,65,183,2.82,1,8,6,30,5,0,2,2,,
Ty Chandler,MIN,RB,26,17,0,0,0,0,0,0,56,182,3.25,0,6,6,42,7,0,0,0,,
Malik Heath,GNB,WR,24,13,1,0,0,0,0,0,0,0,,0,13,10,97,9.7,2,0,0,,
Khalil Herbert,2TM,RB,26,14,1,0,0,0,0,0,36,130,3.61,1,11,10,25,2.5,0,1,0,,
Desmond Ridder,LVR,QB,25,6,1,52,85,458,2,2,9,36,4,0,0,0,0,,0,3,2,,
Brock Wright,DET,TE,26,17,8,0,0,0,0,0,0,0,,0,16,13,100,7.69,2,0,0,,
Mo Alie-Cox,IND,TE,31,17,13,0,0,0,0,0,0,0,,0,22,12,147,12.25,1,0,0,,
Mecole Hardman,KAN,WR,26,12,0,0,0,0,0,0,5,62,12.4,1,14,12,90,7.5,0,0,0,,
Sincere McCormick,LVR,RB,24,5,2,0,0,0,0,0,39,183,4.69,0,7,6,29,4.83,0,0,0,,
Ja'Lynn Polk,NWE,WR,22,15,7,0,0,0,0,0,1,0,0,0,33,12,87,7.25,2,0,0,,
Pierre Strong,CLE,RB,26,14,0,0,0,0,0,0,26,108,4.15,0,22,14,104,7.43,0,0,0,,
Jimmy Garoppolo,LAR,QB,33,1,1,27,41,334,2,1,2,5,2.5,0,0,0,0,,0,0,0,,
Tanner Hudson,CIN,TE,30,11,0,0,0,0,0,0,1,1,1,0,23,19,154,8.11,1,1,1,,
Dante Pettis,NOR,WR,29,8,0,0,0,0,0,0,0,0,,0,28,12,120,10,1,0,0,1,
Tyrod Taylor,NYJ,QB,35,2,0,17,22,119,3,0,3,13,4.33,0,0,0,0,,0,1,0,,1
Michael Burton,DEN,FB,32,17,2,0,0,0,0,0,7,8,1.14,1,10,10,65,6.5,1,0,0,,
Jamycal Hasty,NWE,RB,28,15,0,0,0,0,0,0,20,69,3.45,0,12,10,59,5.9,1,0,0,,
Tyler Higbee,LAR,TE,31,3,3,0,0,0,0,0,0,0,,0,12,8,66,8.25,2,0,0,,
Charlie Kolar,BAL,TE,25,13,3,0,0,0,0,0,1,2,2,0,11,9,131,14.56,1,0,0,,
Kenny McIntosh,SEA,RB,24,17,0,0,0,0,0,0,31,172,5.55,0,4,3,22,7.33,0,0,0,,
Joe Milton,NWE,QB,24,1,0,22,29,241,1,0,10,16,1.6,1,0,0,0,,0,1,1,,
Stone Smartt,LAC,TE,26,15,2,0,0,0,0,0,0,0,,0,19,16,208,13,0,1,1,,
Cade Stover,HOU,TE,24,15,9,0,0,0,0,0,0,0,,0,22,15,133,8.87,1,0,0,,
DeeJay Dallas,ARI,RB,26,17,0,0,0,0,0,0,9,49,5.44,0,3,3,11,3.67,1,1,0,,
Kylen Granson,IND,TE,26,17,6,0,0,0,0,0,0,0,,0,31,14,182,13,0,0,0,,
Bub Means,NOR,WR,23,7,1,0,0,0,0,0,0,0,,0,15,9,118,13.11,1,0,0,,
Craig Reynolds,DET,RB,28,17,0,0,0,0,0,0,31,139,4.48,0,5,3,40,13.33,0,1,0,,
Robert Woods,HOU,WR,32,15,4,0,0,0,0,0,0,0,,0,30,20,203,10.15,0,3,1,,
Jake Bobo,SEA,WR,26,17,3,0,0,0,0,0,0,0,,0,17,13,107,8.23,1,0,0,,
Jamison Crowder,WAS,WR,31,6,1,0,0,0,0,0,0,0,,0,13,9,72,8,2,2,1,,
Ashton Dulin,IND,WR,27,15,2,0,0,0,0,0,5,45,9,0,8,2,67,33.5,1,0,0,,
Luke McCaffrey,WAS,WR,23,17,4,0,0,0,0,0,0,0,,0,24,18,168,9.33,0,0,0,,
Andrew Ogletree,IND,TE,26,17,6,0,0,0,0,0,0,0,,0,14,9,109,12.11,1,0,0,,
Drew Sample,CIN,TE,28,17,15,0,0,0,0,0,1,-4,-4,0,22,20,109,5.45,1,1,0,,
Carson Steele,KAN,RB,22,17,3,0,0,0,0,0,56,183,3.27,0,11,7,26,3.71,0,3,2,,
Erick All,CIN,TE,24,9,6,0,0,0,0,0,0,0,,0,22,20,158,7.9,0,0,0,,
Kevin Austin,NOR,WR,24,8,2,0,0,0,0,0,1,9,9,0,22,11,151,13.73,0,1,0,,
Michael Mayer,LVR,TE,23,11,8,0,0,0,0,0,0,0,,0,32,21,156,7.43,0,0,0,,
Eric Saubert,SFO,TE,30,17,3,0,0,0,0,0,0,0,,0,14,11,97,8.82,1,1,0,,
Dorian Thompson-Robinson,CLE,QB,25,7,2,61,118,440,0,6,21,122,5.81,0,0,0,0,,0,3,1,,
Alec Ingold,MIA,FB,28,15,10,0,0,0,0,0,10,17,1.7,1,12,11,96,8.73,0,2,1,,
Lucas Krull,DEN,TE,26,13,2,0,0,0,0,0,0,0,,0,23,19,152,8,0,0,0,,
Hunter Luepke,DAL,RB,24,16,4,0,0,0,0,0,12,38,3.17,0,16,12,111,9.25,0,0,0,,
Bo Melton,GNB,WR,25,17,0,0,0,0,0,0,8,54,6.75,0,17,8,91,11.38,0,0,0,,
Jonathan Mingo,2TM,WR,23,17,6,0,0,0,0,0,2,5,2.5,0,42,17,167,9.82,0,1,1,,
Mitchell Trubisky,BUF,QB,30,9,0,19,26,179,2,0,17,1,0.06,0,0,0,0,,0,1,0,,
Tim Boyle,2TM,QB,30,3,0,27,50,276,1,1,3,9,3,0,0,0,0,,0,0,0,,
Jordan Mims,NOR,RB,25,11,0,0,0,0,0,0,20,70,3.5,0,18,12,71,5.92,0,0,0,,
Patrick Ricard*+,BAL,FB,30,17,6,0,0,0,0,0,0,0,,0,5,3,22,7.33,1,0,0,,
Trent Sherfield,MIN,WR,28,17,1,0,0,0,0,0,0,0,,0,9,8,83,10.38,1,0,0,,
Daniel Bellinger,NYG,TE,24,17,8,0,0,0,0,0,0,0,,0,17,14,125,8.93,0,0,0,,
Tommy DeVito,NYG,QB,26,3,2,31,44,257,0,0,8,32,4,0,0,0,0,,0,0,0,,
Jake Haener,NOR,QB,25,8,1,18,39,226,1,1,11,22,2,0,0,0,0,,0,0,0,,
Trey Lance,DAL,QB,24,4,1,25,41,266,0,1,11,41,3.73,0,0,0,0,,0,0,0,,
Ronnie Rivers,LAR,RB,25,17,0,0,0,0,0,0,22,99,4.5,0,6,5,34,6.8,0,0,0,,
Tyrell Shavers,BUF,WR,25,3,0,0,0,0,0,0,0,0,,0,1,1,69,69,1,0,0,,
Xavier Hutchinson,HOU,WR,24,16,3,0,0,0,0,0,0,0,,0,26,12,117,9.75,0,0,0,,
Rakim Jarrett,TAM,WR,23,10,2,0,0,0,0,0,0,0,,0,11,9,124,13.78,0,0,0,,
Tony Jones,ARI,RB,27,1,0,0,0,0,0,0,4,55,13.75,1,0,0,0,,0,0,0,,
K.J. Osborn,2TM,WR,27,8,4,0,0,0,0,0,0,0,,0,18,7,57,8.14,1,0,0,,
Will Shipley,PHI,RB,22,16,1,0,0,0,0,0,30,82,2.73,0,4,4,35,8.75,0,0,0,,
Jermaine Burton,CIN,WR,23,14,1,0,0,0,0,0,0,0,,0,14,4,107,26.75,0,0,0,,
Julius Chestnut,TEN,RB,24,17,0,0,0,0,0,0,22,102,4.64,0,3,2,11,5.5,0,0,0,,
Simi Fehoko,LAC,WR,27,8,2,0,0,0,0,0,0,0,,0,16,6,106,17.67,0,0,0,,
Tay Martin,TEN,WR,27,1,0,0,0,0,0,0,0,0,,0,2,1,49,49,1,0,0,,
Jeremy Ruckert,NYJ,TE,24,17,9,0,0,0,0,0,0,0,,0,28,18,105,5.83,0,0,0,,
Ainias Smith,PHI,WR,23,7,1,0,0,0,0,0,2,6,3,0,9,7,41,5.86,1,0,0,,
Blake Whiteheart,CLE,TE,24,11,2,0,0,0,0,0,0,0,,0,9,6,51,8.5,1,0,0,,
Kenny Yeboah,NYJ,TE,26,9,1,0,0,0,0,0,0,0,,0,8,5,47,9.4,1,0,0,,
Connor Heyward,PIT,TE,25,17,5,0,0,0,0,0,0,0,,0,8,6,40,6.67,1,0,0,,
Julian Hill,MIA,TE,24,16,11,0,0,0,0,0,0,0,,0,19,12,100,8.33,0,1,0,,
Davis Mills,HOU,QB,26,4,0,20,36,212,0,0,3,11,3.67,0,0,0,0,,0,0,0,,
Quintin Morris,BUF,TE,25,16,3,0,0,0,0,0,0,0,,0,8,5,36,7.2,1,0,0,,
Bryce Oliver,TEN,WR,24,10,1,0,0,0,0,0,0,0,,0,9,6,95,15.83,0,0,0,,
MyCole Pruitt,PIT,TE,32,12,5,0,0,0,0,0,0,0,,0,10,6,40,6.67,1,0,0,,
Mason Tipton,NOR,WR,24,11,1,0,0,0,0,0,0,0,,0,26,14,99,7.07,0,0,0,,
Johnny Wilson,PHI,WR,23,16,4,0,0,0,0,0,0,0,,0,15,5,38,7.6,1,0,0,,
Marquise Brown,KAN,WR,27,2,1,0,0,0,0,0,0,0,,0,15,9,91,10.11,0,0,0,,
Harrison Bryant,LVR,TE,26,13,3,0,0,0,0,0,0,0,,0,12,9,86,9.56,0,0,0,,
Parris Campbell,PHI,WR,27,5,0,0,0,0,0,0,0,0,,0,8,6,30,5,1,0,0,,
DJ Chark,LAC,WR,28,7,0,0,0,0,0,0,0,0,,0,10,4,31,7.75,1,0,0,,
Devin Culp,TAM,TE,24,5,0,0,0,0,0,0,0,0,,0,6,5,88,17.6,0,0,0,,
C.J. Ham,MIN,FB,31,17,3,0,0,0,0,0,2,10,5,1,6,5,35,7,0,1,1,,
Chris Manhertz,NYG,TE,32,17,11,0,0,0,0,0,0,0,,0,4,3,30,10,1,0,0,,
Ben Sinnott,WAS,TE,22,17,2,0,0,0,0,0,0,0,,0,5,5,28,5.6,1,0,0,,
Brevyn Spann-Ford,DAL,TE,25,17,0,0,0,0,0,0,0,0,,0,14,9,88,9.78,0,0,0,,
Deuce Vaughn,DAL,RB,23,7,0,0,0,0,0,0,17,70,4.12,0,5,3,18,6,0,0,0,,
Raheem Blackshear,CAR,RB,25,16,1,0,0,0,0,0,15,80,5.33,0,0,0,0,,0,2,0,,
Chris Conley,SFO,WR,32,15,2,0,0,0,0,0,0,0,,0,12,6,76,12.67,0,0,0,,
Devin Duvernay,JAX,WR,27,13,1,0,0,0,0,0,4,3,0.75,0,16,11,79,7.18,0,1,0,,
Ryan Flournoy,DAL,WR,25,11,1,0,0,0,0,0,0,0,,0,14,10,102,10.2,0,1,1,,
Xavier Gipson,NYJ,WR,23,17,0,0,0,0,0,0,1,5,5,0,10,6,39,6.5,1,4,1,,
Zay Jones,ARI,WR,29,11,2,0,0,0,0,0,0,0,,0,11,8,84,10.5,0,0,0,,
Jalen Reagor,LAC,WR,25,8,2,0,0,0,0,0,3,-3,-1,0,12,7,100,14.29,0,1,1,,
Skylar Thompson,MIA,QB,27,3,1,21,33,187,0,0,1,4,4,0,0,0,0,,0,2,0,,
Devontez Walker,BAL,WR,23,9,0,0,0,0,0,0,0,0,,0,3,1,21,21,1,0,0,,
Kristian Wilkerson,LVR,WR,27,3,0,0,0,0,0,0,0,0,,0,3,2,18,9,1,0,0,,
Jeff Wilson,MIA,RB,29,9,0,0,0,0,0,0,16,57,3.56,0,3,3,19,6.33,0,0,0,,
Jacob Cowing,SFO,WR,23,15,0,0,0,0,0,0,1,7,7,0,6,4,80,20,0,2,1,,
River Cracraft,MIA,WR,30,8,0,0,0,0,0,0,0,0,,0,9,7,66,9.43,0,0,0,,
Clyde Edwards-Helaire,NOR,RB,25,2,0,0,0,0,0,0,13,46,3.54,0,5,3,24,8,0,0,0,,
Luke Farrell,JAX,TE,27,17,8,0,0,0,0,0,0,0,,0,17,12,67,5.58,0,0,0,,
Eric Gray,NYG,RB,25,17,0,0,0,0,0,0,14,31,2.21,0,11,10,82,8.2,0,3,2,,
Hayden Hurst,LAC,TE,31,9,2,0,0,0,0,0,0,0,,0,13,8,73,9.13,0,0,0,,
E.J. Jenkins,PHI,TE,26,8,0,0,0,0,0,0,0,0,,0,2,1,7,7,1,0,0,,
Scott Miller,PIT,WR,27,13,1,0,0,0,0,0,0,0,,0,9,5,69,13.8,0,0,0,,
Brandon Powell,MIN,WR,29,17,1,0,0,0,0,0,0,0,,0,10,7,71,10.14,0,1,0,,
Ben Skowronek,PIT,WR,27,10,1,0,0,0,0,0,0,0,,0,5,5,69,13.8,0,0,0,,
Michael Woods II,CLE,WR,24,5,2,0,0,0,0,0,0,0,,0,17,7,65,9.29,0,0,0,,
Bailey Zappe,CLE,QB,25,1,1,16,31,170,1,2,2,2,1,0,0,0,0,,0,0,0,,
Brandon Allen,SFO,QB,32,3,1,17,30,199,1,2,3,4,1.33,0,0,0,0,,0,2,1,,
Tyler Badie,DEN,RB,24,3,0,0,0,0,0,0,11,86,7.82,0,3,3,-2,-0.67,0,1,1,,
John Bates,WAS,TE,27,17,6,0,0,0,0,0,0,0,,0,13,8,84,10.5,0,1,1,,
Odell Beckham Jr.,MIA,WR,32,9,0,0,0,0,0,0,0,0,,0,18,9,55,6.11,0,0,0,,
Jalin Hyatt,NYG,WR,23,16,3,0,0,0,0,0,0,0,,0,19,8,62,7.75,0,0,0,,
Hunter Long,LAR,TE,26,17,2,0,0,0,0,0,0,0,,0,9,7,60,8.57,0,0,0,,
Keaton Mitchell,BAL,RB,22,5,0,0,0,0,0,0,15,30,2,0,1,1,28,28,0,0,0,,
Kene Nwangwu,NYJ,RB,26,2,0,0,0,0,0,0,0,0,,0,0,0,0,,0,0,0,,
Laviska Shenault Jr.,2TM,WR,26,12,2,0,0,0,0,0,1,1,1,0,5,5,36,7.2,0,2,2,,
Ihmir Smith-Marsette,NYG,WR,25,15,0,0,0,0,0,0,0,0,,0,0,0,0,,0,1,0,,
Mike Boone,CAR,RB,29,6,0,0,0,0,0,0,13,51,3.92,0,3,1,-2,-2,0,0,0,,
Jonathon Brooks,CAR,RB,21,3,1,0,0,0,0,0,9,22,2.44,0,3,3,23,7.67,0,0,0,,
Pharaoh Brown,SEA,TE,30,15,7,0,0,0,0,0,0,0,,0,12,8,65,8.13,0,1,1,,
DeAndre Carter,CHI,WR,31,13,0,0,0,0,0,0,0,0,,0,14,9,72,8,0,1,1,,
Peyton Hendershot,KAN,TE,25,7,1,0,0,0,0,0,0,0,,0,5,5,51,10.2,0,0,0,,
Charlie Jones,CIN,WR,26,8,0,0,0,0,0,0,0,0,,0,1,1,5,5,0,2,1,,
Luke Musgrave,GNB,TE,24,7,3,0,0,0,0,0,0,0,,0,10,7,45,6.43,0,0,0,,
Nikko Remigio,KAN,WR,25,5,1,0,0,0,0,0,0,0,,0,6,2,48,24,0,1,0,,
Durham Smythe,MIA,TE,29,17,4,0,0,0,0,0,0,0,,0,17,9,53,5.89,0,0,0,,
Tyquan Thornton,NWE,WR,24,6,1,0,0,0,0,0,0,0,,0,8,4,47,11.75,0,0,0,,
Sione Vaki,DET,RB,23,16,0,0,0,0,0,0,6,14,2.33,0,3,3,37,12.33,0,0,0,,
Carson Wentz,KAN,QB,32,3,1,12,19,118,0,0,3,0,0,0,0,0,0,,0,0,0,,
Charlie Woerner,ATL,TE,27,16,5,0,0,0,0,0,0,0,,0,12,7,46,6.57,0,0,0,,
Davis Allen,LAR,TE,23,15,5,0,0,0,0,0,0,0,,0,13,6,39,6.5,0,0,0,,
Treylon Burks,TEN,WR,24,5,2,0,0,0,0,0,2,1,0.5,0,8,4,34,8.5,0,0,0,,
Dan Chisena,CAR,WR,27,6,0,0,0,0,0,0,0,0,,0,4,3,37,12.33,0,0,0,,
D'Wayne Eskridge,MIA,WR,27,6,0,0,0,0,0,0,0,0,,0,3,3,44,14.67,0,0,0,,
Gerald Everett,CHI,TE,30,17,4,0,0,0,0,0,0,0,,0,13,8,36,4.5,0,0,0,,
Tucker Fisk,LAC,TE,25,9,5,0,0,0,0,0,0,0,,0,8,7,39,5.57,0,0,0,,
Tim Jones,JAX,WR,26,17,0,0,0,0,0,0,0,0,,0,5,3,41,13.67,0,0,0,,
Jacob Kibodi,CLE,RB,26,1,0,0,0,0,0,0,5,24,4.8,0,3,1,15,15,0,0,0,,
Terrace Marshall Jr.,LVR,WR,24,7,1,0,0,0,0,0,0,0,,0,6,3,41,13.67,0,0,0,,
Tip Reiman,ARI,TE,23,17,9,0,0,0,0,0,0,0,,0,7,6,37,6.17,0,0,0,,
Ben Sims,GNB,TE,24,17,5,0,0,0,0,0,0,0,,0,5,4,42,10.5,0,0,0,,
Xavier Smith,LAR,WR,27,15,0,0,0,0,0,0,4,36,9,0,2,2,6,3,0,0,0,,
J.J. Taylor,HOU,RB,26,5,0,0,0,0,0,0,10,44,4.4,0,3,2,0,0,0,0,0,,
Cody White,SEA,WR,26,4,0,0,0,0,0,0,0,0,,0,3,2,44,22,0,0,0,,
Rasheen Ali,BAL,RB,23,6,0,0,0,0,0,0,10,31,3.1,0,2,0,0,,0,0,0,,
Alex Bachman,LVR,WR,28,6,1,0,0,0,0,0,0,0,,0,3,3,31,10.33,0,0,0,,
David Bell,CLE,WR,24,1,0,0,0,0,0,0,0,0,,0,3,3,27,9,0,0,0,,
Dalvin Cook,DAL,RB,29,2,0,0,0,0,0,0,8,20,2.5,0,1,1,10,10,0,0,0,,
Britain Covey,PHI,WR,27,5,1,0,0,0,0,0,0,0,,0,8,7,34,4.86,0,0,0,,
Greg Dulcich,2TM,TE,24,9,3,0,0,0,0,0,0,0,,0,12,5,28,5.6,0,0,0,,
Cam Grandy,CIN,TE,24,8,6,0,0,0,0,0,0,0,,0,5,5,28,5.6,0,0,0,,
Taylor Heinicke,LAC,QB,31,4,0,3,5,28,0,0,2,20,10,0,0,0,0,,0,0,0,,
Travis Homer,CHI,RB,26,10,0,0,0,0,0,0,6,23,3.83,0,3,3,11,3.67,0,0,0,,
Hendon Hooker,DET,QB,26,3,0,6,9,62,0,0,5,2,0.4,0,0,0,0,,0,0,0,,
Jermar Jefferson,DET,RB,24,2,0,0,0,0,0,0,6,22,3.67,0,1,1,10,10,0,0,0,,
Terrell Jennings,NWE,RB,23,3,0,0,0,0,0,0,13,33,2.54,0,1,0,0,,0,0,0,,
Will Mallory,IND,TE,25,10,0,0,0,0,0,0,0,0,,0,8,4,29,7.25,0,0,0,,
Jase McClellan,ATL,RB,22,2,0,0,0,0,0,0,13,32,2.46,0,0,0,0,,0,0,0,,
Allen Robinson,DET,WR,31,12,0,0,0,0,0,0,0,0,,0,7,3,30,10,0,0,0,,
Deven Thompkins,CAR,WR,25,7,0,0,0,0,0,0,2,7,3.5,0,4,4,20,5,0,0,0,,
Jaheim Bell,NWE,TE,23,15,0,0,0,0,0,0,0,0,,0,3,2,20,10,0,0,0,,
Ronnie Bell,SFO,WR,24,9,0,0,0,0,0,0,0,0,,0,6,2,22,11,0,0,0,,
Chris Blair,ATL,WR,27,4,0,0,0,0,0,0,0,0,,0,2,1,17,17,0,0,0,,
Tanner Conner,MIA,TE,26,8,1,0,0,0,0,0,0,0,,0,4,3,16,5.33,0,0,0,,
Malachi Corley,NYJ,WR,22,9,1,0,0,0,0,0,2,26,13,0,6,3,16,5.33,0,1,1,,
Anthony Gould,IND,WR,23,8,0,0,0,0,0,0,0,0,,0,1,1,23,23,0,0,0,,
Dallin Holker,NOR,TE,24,12,2,0,0,0,0,0,0,0,,0,4,3,21,7,0,0,0,,
Trenton Irwin,CIN,WR,29,7,2,0,0,0,0,0,0,0,,0,10,3,15,5,0,0,0,,
Mason Kinsey,TEN,WR,26,6,0,0,0,0,0,0,0,0,,0,2,2,17,8.5,0,0,0,,
MarShawn Lloyd,GNB,RB,23,1,0,0,0,0,0,0,6,15,2.5,0,1,1,3,3,0,0,0,,
Anthony Miller,BAL,WR,30,2,0,0,0,0,0,0,0,0,,0,1,1,16,16,0,0,0,,
Aaron Shampklin,PIT,RB,25,3,0,0,0,0,0,0,6,17,2.83,0,0,0,0,,0,0,0,,
Jamari Thrash,CLE,WR,24,9,0,0,0,0,0,0,0,0,,0,7,3,22,7.33,0,0,0,,
Austin Trammell,JAX,WR,26,1,0,0,0,0,0,0,0,0,,0,3,2,40,20,0,1,1,,
Jonathan Ward,PIT,RB,27,4,0,0,0,0,0,0,5,22,4.4,0,0,0,0,,0,0,0,,
Blake Watson,DEN,RB,25,2,0,0,0,0,0,0,4,10,2.5,0,2,1,13,13,0,0,0,,
Shane Zylstra,DET,TE,28,12,1,0,0,0,0,0,0,0,,0,1,1,22,22,0,0,0,,
Kyle Allen,PIT,QB,28,1,0,1,1,19,0,0,0,0,,0,0,0,0,,0,0,0,,
Robbie Chosen,MIA,WR,31,2,0,0,0,0,0,0,0,0,,0,4,1,5,5,0,0,0,,
Javon Baker,NWE,WR,22,11,1,0,0,0,0,0,0,0,,0,4,1,12,12,0,0,0,,
Chris Collier,2TM,RB,24,8,0,0,0,0,0,0,5,12,2.4,0,2,1,-4,-4,0,0,0,,
Jaelon Darden,2TM,WR,25,12,1,0,0,0,0,0,0,0,,0,1,1,6,6,0,0,0,,
Tyrion Davis-Price,PHI,RB,24,1,0,0,0,0,0,0,3,7,2.33,0,0,0,0,,0,0,0,,
Zach Davidson,BUF,TE,26,2,0,0,0,0,0,0,0,0,,0,2,1,5,5,0,0,0,,
Josiah Deguara,JAX,TE,27,15,0,0,0,0,0,0,0,0,,0,3,3,14,4.67,0,0,0,,
Grant Dubose,MIA,WR,23,3,0,0,0,0,0,0,0,0,,0,4,2,11,5.5,0,0,0,,
Ross Dwelley,ATL,TE,29,17,0,0,0,0,0,0,0,0,,0,1,1,5,5,0,0,0,,
Jody Fortson,KAN,TE,29,3,0,0,0,0,0,0,0,0,,0,3,1,5,5,0,0,0,,
Feleipe Franks,CAR,TE,27,16,0,0,0,0,0,0,0,0,,0,3,1,12,12,0,0,0,,
Myles Gaskin,MIN,RB,27,5,0,0,0,0,0,0,3,-1,-0.33,0,1,1,11,11,0,0,0,,
Reggie Gilliam,BUF,FB,27,15,0,0,0,0,0,0,3,7,2.33,0,0,0,0,,0,0,0,,
Isaiah Hodgins,NYG,WR,26,3,0,0,0,0,0,0,0,0,,0,2,2,12,6,0,0,0,,
George Holani,SEA,RB,25,5,0,0,0,0,0,0,3,10,3.33,0,1,1,-1,-1,0,0,0,,
Brandon Johnson,PIT,WR,26,3,0,0,0,0,0,0,0,0,,0,1,1,9,9,0,0,0,,
Collin Johnson,CHI,WR,27,9,0,0,0,0,0,0,0,0,,0,2,1,6,6,0,0,0,,
Josh Johnson,BAL,QB,38,6,0,2,3,17,0,0,4,1,0.25,0,0,0,0,,0,0,0,,
Kameron Johnson,TAM,WR,22,5,0,0,0,0,0,0,2,11,5.5,0,1,0,0,,0,0,0,,
Brevin Jordan,HOU,TE,24,2,1,0,0,0,0,0,0,0,,0,3,2,7,3.5,0,0,0,,
Ramel Keyton,LVR,WR,24,8,0,0,0,0,0,0,0,0,,0,3,1,7,7,0,0,0,,
David Martin-Robinson,TEN,TE,25,5,2,0,0,0,0,0,0,0,,0,2,1,6,6,0,0,0,,
Tyreik McAllister,LVR,WR,26,3,0,0,0,0,0,0,2,11,5.5,0,0,0,0,,0,0,0,,
Nick Mullens,MIN,QB,29,4,0,2,2,38,0,0,3,-2,-0.67,0,0,0,0,,0,0,0,,
Chris Oladokun,KAN,QB,27,1,0,0,0,0,0,0,1,5,5,0,0,0,0,,0,1,0,,
Kendric Pryor,CIN,WR,26,1,0,0,0,0,0,0,0,0,,0,1,1,9,9,0,0,0,,
John Ross,PHI,WR,29,1,0,0,0,0,0,0,0,0,,0,2,1,6,6,0,0,0,,
Cody Schrader,LAR,RB,25,1,0,0,0,0,0,0,1,3,3,0,1,1,6,6,0,0,0,,
Tyler Scott,CHI,WR,23,11,0,0,0,0,0,0,0,0,,0,1,1,5,5,0,0,0,,
John Samuel Shenker,LVR,TE,26,8,0,0,0,0,0,0,0,0,,0,1,1,7,7,0,0,0,,
Jarrett Stidham,DEN,QB,28,3,0,0,0,0,0,0,4,5,1.25,0,0,0,0,,0,0,0,,
Jack Stoll,2TM,TE,26,11,2,0,0,0,0,0,0,0,,0,3,2,10,5,0,0,0,,
Geoff Swaim,CLE,TE,31,8,2,0,0,0,0,0,0,0,,0,1,1,7,7,0,0,0,,
Trent Taylor,SFO,WR,30,2,0,0,0,0,0,0,0,0,,0,1,1,11,11,0,0,0,,
Ian Thomas,CAR,TE,28,5,2,0,0,0,0,0,0,0,,0,6,3,7,2.33,0,0,0,,
Eric Tomlinson,LAC,TE,32,9,1,0,0,0,0,0,0,0,,0,4,2,9,4.5,0,0,0,,
Casey Washington,ATL,WR,23,8,0,0,0,0,0,0,0,0,,0,2,1,14,14,0,0,0,,
Mike White,BUF,QB,29,1,0,3,11,28,0,0,0,0,,0,0,0,0,,0,0,0,,
Jared Wiley,KAN,TE,24,7,2,0,0,0,0,0,0,0,,0,1,1,7,7,0,0,0,,
Isaiah Williams,2TM,WR,23,8,0,0,0,0,0,0,0,0,,0,3,2,6,3,0,0,0,,
Maurice Alexander,DET,WR,27,3,0,0,0,0,0,0,0,0,,0,0,0,0,,0,1,0,,
Tyson Bagent,CHI,QB,24,4,0,2,2,11,0,0,6,-7,-1.17,0,0,0,0,,0,0,0,,
Brenden Bates,2TM,TE,25,7,0,0,0,0,0,0,0,0,,0,1,0,0,,0,0,0,,
Andrew Beck,2TM,TE,28,4,0,0,0,0,0,0,0,0,,0,2,0,0,,0,0,0,,
Braxton Berrios,MIA,WR,29,6,0,0,0,0,0,0,0,0,,0,4,0,0,,0,0,0,,
Khari Blasingame,2TM,RB,28,5,0,0,0,0,0,0,0,0,,0,0,0,0,,0,0,0,,
Gary Brightwell,CLE,RB,25,2,0,0,0,0,0,0,0,0,,0,0,0,0,,0,0,0,,
British Brooks,HOU,RB,25,5,0,0,0,0,0,0,1,2,2,0,0,0,0,,0,0,0,,
Jake Browning,CIN,QB,28,3,0,0,0,0,0,0,2,-2,-1,0,0,0,0,,0,0,0,,
Marquez Callaway,TAM,WR,26,2,0,0,0,0,0,0,0,0,,0,0,0,0,,0,0,0,,
Joshua Cephus,JAX,WR,23,1,0,0,0,0,0,0,0,0,,0,0,0,0,,0,0,0,,
Irvin Charles,NYJ,WR,27,13,0,0,0,0,0,0,0,0,,0,1,0,0,,0,0,0,,
Elijah Cooks,JAX,WR,26,2,0,0,0,0,0,0,0,0,,0,0,0,0,,0,0,0,,
Baylor Cupp,KAN,TE,24,1,0,0,0,0,0,0,0,0,,0,1,0,0,,0,0,0,,
Kaden Davis,CLE,WR,26,1,0,0,0,0,0,0,0,0,,0,0,0,0,,0,0,0,,
Jeff Driskel,WAS,QB,31,1,0,0,0,0,0,0,0,0,,0,0,0,0,,0,0,0,,
Alex Erickson,NWE,WR,32,3,0,0,0,0,0,0,0,0,,0,0,0,0,,0,0,0,,
Darrynton Evans,CHI,RB,26,5,0,0,0,0,0,0,3,3,1,0,0,0,0,,0,0,0,,
Erik Ezukanma,MIA,WR,24,2,0,0,0,0,0,0,0,0,,0,2,0,0,,0,0,0,,
Princeton Fant,DAL,TE,25,8,0,0,0,0,0,0,0,0,,0,0,0,0,,0,0,0,,
Anthony Firkser,2TM,TE,29,7,0,0,0,0,0,0,0,0,,0,0,0,0,,0,0,0,,
Dez Fitzpatrick,LAC,WR,27,1,0,0,0,0,0,0,0,0,,0,0,0,0,,0,0,0,,
John FitzPatrick,GNB,TE,24,9,0,0,0,0,0,0,0,0,,0,1,1,2,2,0,0,0,,
Bryce Ford-Wheaton,NYG,WR,24,14,0,0,0,0,0,0,0,0,,0,0,0,0,,0,0,0,,
Troy Hairston,HOU,FB,26,2,0,0,0,0,0,0,0,0,,0,0,0,0,,0,0,0,,
Deonte Harty,BAL,WR,27,5,0,0,0,0,0,0,0,0,,0,0,0,0,,0,0,0,,
Parker Hesse,DET,TE,29,5,1,0,0,0,0,0,0,0,,0,0,0,0,,0,0,0,,
Evan Hull,IND,RB,24,1,0,0,0,0,0,0,0,0,,0,0,0,0,,0,0,0,,
Keaontay Ingram,KAN,RB,25,1,0,0,0,0,0,0,0,0,,0,0,0,0,,0,0,0,,
Jermaine Jackson,NOR,WR,24,4,0,0,0,0,0,0,1,-1,-1,0,0,0,0,,0,0,0,,
Trishton Jackson,MIN,WR,26,2,0,0,0,0,0,0,0,0,,0,0,0,0,,0,0,0,,
Jaylen Johnson,LAC,WR,24,1,0,0,0,0,0,0,0,0,,0,0,0,0,,0,0,0,,
Jakob Johnson,NYG,FB,30,3,1,0,0,0,0,0,0,0,,0,0,0,0,,0,0,0,,
Velus Jones Jr.,2TM,WR,27,3,0,0,0,0,0,0,3,11,3.67,0,1,1,8,8,0,1,1,,
Nikola Kalinic,LAR,TE,27,2,0,0,0,0,0,0,0,0,,0,0,0,0,,0,0,0,,
John Kelly,BAL,RB,28,2,0,0,0,0,0,0,0,0,,0,0,0,0,,0,0,0,,
Joshua Kelley,TEN,RB,27,3,0,0,0,0,0,0,1,2,2,0,0,0,0,,0,0,0,,
Tom Kennedy,DET,WR,28,4,0,0,0,0,0,0,0,0,,0,1,0,0,,0,0,0,,
Ko Kieft,TAM,TE,26,17,1,0,0,0,0,0,0,0,,0,0,0,0,,0,0,0,,
Zack Kuntz,NYJ,TE,25,1,0,0,0,0,0,0,0,0,,0,0,0,0,,0,0,0,,
Marcedes Lewis,CHI,TE,40,17,4,0,0,0,0,0,0,0,,0,2,1,2,2,0,0,0,,
Tyler Mabry,SEA,TE,28,2,0,0,0,0,0,0,0,0,,0,0,0,0,,0,0,0,,
Jordan Matthews,CAR,TE,32,4,1,0,0,0,0,0,0,0,,0,1,0,0,,0,0,0,,
Tanner McLachlan,CIN,TE,25,2,0,0,0,0,0,0,0,0,,0,0,0,0,,0,0,0,,
Dante Miller,NYG,RB,25,2,0,0,0,0,0,0,0,0,,0,0,0,0,,0,0,0,,
Kendall Milton,CIN,RB,22,2,0,0,0,0,0,0,0,0,,0,0,0,0,,0,0,0,,
James Mitchell,DET,TE,25,1,0,0,0,0,0,0,0,0,,0,0,0,0,,0,0,0,,
Chris Moore,ARI,WR,31,5,0,0,0,0,0,0,0,0,,0,0,0,0,,0,0,0,,
Chris Moore,WAS,WR,31,0,0,,,,,,,,,,,,,,,,,,
Skyy Moore,KAN,WR,24,6,0,0,0,0,0,0,0,0,,0,3,0,0,,0,0,0,,
Jalen Moreno-Cropper,DAL,WR,23,1,0,0,0,0,0,0,0,0,,0,0,0,0,,0,0,0,,
Nick Muse,MIN,TE,26,4,0,0,0,0,0,0,0,0,,0,0,0,0,,0,0,0,,
Thomas Odukoya,TEN,TE,27,2,0,0,0,0,0,0,0,0,,0,0,0,0,,0,0,0,,
Zach Pascal,ARI,WR,30,17,0,0,0,0,0,0,0,0,,0,0,0,0,,0,0,0,,
Jaret Patterson,LAC,RB,25,1,0,0,0,0,0,0,0,0,,0,0,0,0,,0,0,0,,
Adam Prentice,NOR,FB,27,17,7,0,0,0,0,0,0,0,,0,4,0,0,,0,0,0,,
James Proche,CLE,WR,28,9,0,0,0,0,0,0,0,0,,0,3,3,21,7,0,1,1,,
Teagan Quitoriano,HOU,TE,24,7,4,0,0,0,0,0,0,0,,0,0,0,0,,0,0,0,,
Brenden Rice,LAC,WR,22,3,0,0,0,0,0,0,0,0,,0,0,0,0,,0,0,0,,
Keilan Robinson,JAX,RB,24,6,0,0,0,0,0,0,0,0,,0,0,0,0,,0,0,0,,
Justyn Ross,KAN,WR,25,2,0,0,0,0,0,0,0,0,,0,1,0,0,,0,0,0,,
Brady Russell,SEA,TE,26,11,0,0,0,0,0,0,0,0,,0,0,0,0,,0,0,0,,
Justin Shorter,LVR,TE,24,10,0,0,0,0,0,0,0,0,,0,0,0,0,,0,0,0,,
Brandon Smith,NYJ,WR,26,1,0,0,0,0,0,0,0,0,,0,0,0,0,,0,0,0,,
Irv Smith Jr.,HOU,TE,26,5,1,0,0,0,0,0,0,0,,0,0,0,0,,0,0,0,,
Equanimeous St. Brown,NOR,WR,28,2,0,0,0,0,0,0,0,0,,0,0,0,0,,0,0,0,,
Stephen Sullivan,CAR,TE,28,1,0,0,0,0,0,0,0,0,,0,1,0,0,,0,0,0,,
Cody Thompson,TAM,WR,28,1,0,0,0,0,0,0,0,0,,0,0,0,0,,0,0,0,,
Jake Tonges,SFO,TE,25,16,0,0,0,0,0,0,0,0,,0,0,0,0,,0,0,0,,
Robert Tonyan,MIN,TE,30,5,0,0,0,0,0,0,0,0,,0,0,0,0,,0,0,0,,
Kyle Trask,TAM,QB,26,4,0,1,1,5,0,0,5,-4,-0.8,0,0,0,0,,0,0,0,,
Laquon Treadwell,IND,WR,29,2,0,0,0,0,0,0,0,0,,0,0,0,0,,0,0,0,,
Brycen Tremayne,WAS,WR,25,2,0,0,0,0,0,0,0,0,,0,1,1,-2,-2,0,0,0,,
C.J. Uzomah,PHI,TE,31,7,3,0,0,0,0,0,0,0,,0,0,0,0,,0,0,0,,
Ke'Shawn Vaughn,SFO,RB,27,3,0,0,0,0,0,0,2,4,2,0,0,0,0,,0,0,0,,
Jalen Virgil,BUF,WR,26,7,0,0,0,0,0,0,0,0,,0,0,0,0,,0,0,0,,
Travis Vokolek,ARI,TE,26,1,0,0,0,0,0,0,0,0,,0,0,0,0,,0,0,0,,
Carlos Washington,ATL,RB,26,1,0,0,0,0,0,0,0,0,,0,0,0,0,,0,0,0,,
Montrell Washington,KAN,WR,25,1,0,0,0,0,0,0,0,0,,0,0,0,0,,0,0,0,,
Jared Wayne,HOU,WR,24,3,0,0,0,0,0,0,0,0,,0,0,0,0,,0,0,0,,
Xavier Weaver,ARI,WR,24,2,0,0,0,0,0,0,0,0,,0,2,0,0,,0,0,0,,
Jack Westover,NWE,TE,25,3,0,0,0,0,0,0,0,0,,0,0,0,0,,0,0,0,,
Mitchell Wilcox,NWE,TE,28,2,0,0,0,0,0,0,0,0,,0,0,0,0,,0,0,0,,
Avery Williams,ATL,RB,26,17,0,0,0,0,0,0,0,0,,0,0,0,0,,0,0,0,,
Brayden Willis,SFO,TE,25,10,0,0,0,0,0,0,0,0,,0,2,0,0,,0,0,0,,
D.J. Williams,TAM,RB,24,1,0,0,0,0,0,0,0,0,,0,0,0,0,,0,0,0,,
Rodney Williams,PIT,TE,26,6,0,0,0,0,0,0,0,0,,0,0,0,0,,0,0,0,,
Trayveon Williams,CIN,RB,27,17,0,0,0,0,0,0,0,0,,0,0,0,0,,0,0,0,,
Roman Wilson,PIT,WR,23,1,0,0,0,0,0,0,0,0,,0,0,0,0,,0,0,0,,
Colson Yankoff,WAS,TE,24,6,0,0,0,0,0,0,0,0,,0,0,0,0,,0,0,0,,
Dareke Young,SEA,WR,25,14,0,0,0,0,0,0,0,0,,0,1,0,0,,0,0,0,,
Sam Howell,SEA,QB,24,2,0,5,14,24,0,1,1,2,2,0,0,0,0,,0,0,0,,
Dylan Laube,LVR,RB,25,10,0,0,0,0,0,0,1,0,0,0,0,0,0,,0,1,1,,
Steven Sims,2TM,WR,27,9,0,0,0,0,0,0,1,0,0,0,0,0,0,,0,2,1,,
Kadarius Toney,CLE,WR,25,3,0,0,0,0,0,0,2,-4,-2,0,1,0,0,,0,1,1,,
Clayton Tune,ARI,QB,25,6,0,2,2,8,0,0,7,-4,-0.57,0,0,0,0,,0,1,1,,
Jha'Quan Jackson,TEN,WR,24,12,0,0,0,0,0,0,1,-5,-5,0,3,1,8,8,0,5,2,,
